City,District
Adana,Seyhan
Ankara,Altındağ
Antalya,Muratpaşa
Bursa,Osmangazi
Denizli,Merkezefendi
Diyarbakır,Sur
Edirne,Merkez
Erzurum,Yakutiye
Erzurum,Yakutiye
Gaziantep,Şahinbey
Hatay,İskenderun
Mersin,Akdeniz
İstanbul,Fatih
İzmir,Konak
Kayseri,Melikgazi
Kocaeli,İzmit
Konya,Karatay
Malatya,Yeşilyurt
Samsun,İlkadım
Trabzon,Ortahisar
Van,İpekyolu
Kastamonu,Merkez
İstanbul,Kadıköy
İstanbul,Bahçelievler
Aydın,Efeler
Uşak,Merkez
Çorum,Merkez
Afyonkarahisar,Merkez
Şanlıurfa,Merkez
Ordu,Altınordu
Giresun,Merkez
Isparta,Merkez
Sivas,Merkez
Kahramanmaraş,Onikişubat
Balıkesir,Karesi
Çanakkale,Merkez
Muğla,Bodrum
Elazığ,Merkez
Zonguldak,Ereğli
